{
  "gradient_boosting": {
    "auc_roc": 0.8730108918788164,
    "precision": 0.6571428571428571,
    "recall": 0.2072072072072072,
    "f1": 0.3150684931506849,
    "accuracy": 0.875
  },
  "mlp": {
    "auc_roc": 0.8036846716091999,
    "precision": 0.4507042253521127,
    "recall": 0.2882882882882883,
    "f1": 0.3516483516483517,
    "accuracy": 0.8525
  },
  "test_size": 800,
  "train_size": 3200,
  "feature_count": 257
}